mp_id,formula,folder_name,prim_n_atoms
mp_24056,FeH18C3N3F23_,mp_24056_FeH18C3N3F23__feff_Fe_site_01,296
mp_1198461,Na5FeP2O4F2_,mp_1198461_Na5FeP2O4F2__feff_Fe_site_01,288
mp_1194812,Fe2H14C8NO12_,mp_1194812_Fe2H14C8NO12__feff_Fe_site_01,222
mp_652793,Fe2Co4Ge2CO21_,mp_652793_Fe2Co4Ge2CO21__feff_Fe_site_01,200
mp_707911,NaFeP3H7O13_,mp_707911_NaFeP3H7O13__feff_Fe_site_01,200
mp_850003,NaCaFe3PO44_,mp_850003_NaCaFe3PO44__feff_Fe_site_01,200
mp_680291,Ba15Fe7S25,mp_680291_Ba15Fe7S25_feff_Fe_site_01,188
mp_680291,Ba15Fe7S25,mp_680291_Ba15Fe7S25_feff_Fe_site_02,188
mp_680291,Ba15Fe7S25,mp_680291_Ba15Fe7S25_feff_Fe_site_07,188
mp_680291,Ba15Fe7S25,mp_680291_Ba15Fe7S25_feff_Fe_site_04,188
mp_680291,Ba15Fe7S25,mp_680291_Ba15Fe7S25_feff_Fe_site_05,188
mp_680291,Ba15Fe7S25,mp_680291_Ba15Fe7S25_feff_Fe_site_03,188
mp_680291,Ba15Fe7S25,mp_680291_Ba15Fe7S25_feff_Fe_site_06,188
mp_1204059,Fe3Ag7P2O74_,mp_1204059_Fe3Ag7P2O74__feff_Fe_site_01,184
mp_704255,Mn2Fe3Sn2CO19_,mp_704255_Mn2Fe3Sn2CO19__feff_Fe_site_01,180
mp_704100,K5NaFe2CO212_,mp_704100_K5NaFe2CO212__feff_Fe_site_01,176
mp_1213612,FeH18C6N6O13_,mp_1213612_FeH18C6N6O13__feff_Fe_site_01,176
mp_1200037,K5NaFe2CO212_,mp_1200037_K5NaFe2CO212__feff_Fe_site_01,176
mp_863290,Rb5Fe3SO56_,mp_863290_Rb5Fe3SO56__feff_Fe_site_01,176
mp_1197792,CaFe3P3H2O13_,mp_1197792_CaFe3P3H2O13__feff_Fe_site_01,176
mp_1199661,K3FeCO26_,mp_1199661_K3FeCO26__feff_Fe_site_01,176
mp_704853,CrFe4P2CO18_,mp_704853_CrFe4P2CO18__feff_Fe_site_01,172
mp_604071,K2FePH5CO52_,mp_604071_K2FePH5CO52__feff_Fe_site_01,168
mp_849804,LiFeSiO4_,mp_849804_LiFeSiO4__feff_Fe_site_01,168
mp_651406,MnInFeCO9_,mp_651406_MnInFeCO9__feff_Fe_site_01,168
mp_758000,LiFePO4_,mp_758000_LiFePO4__feff_Fe_site_01,168
mp_758598,LiFePO4_,mp_758598_LiFePO4__feff_Fe_site_01,168
mp_650968,Nd5FeB18,mp_650968_Nd5FeB18_feff_Fe_site_09,164
mp_650968,Nd5FeB18,mp_650968_Nd5FeB18_feff_Fe_site_01,164
mp_650968,Nd5FeB18,mp_650968_Nd5FeB18_feff_Fe_site_07,164
mp_650968,Nd5FeB18,mp_650968_Nd5FeB18_feff_Fe_site_08,164
mp_650968,Nd5FeB18,mp_650968_Nd5FeB18_feff_Fe_site_02,164
mp_650968,Nd5FeB18,mp_650968_Nd5FeB18_feff_Fe_site_03,164
mp_650968,Nd5FeB18,mp_650968_Nd5FeB18_feff_Fe_site_06,164
mp_650968,Nd5FeB18,mp_650968_Nd5FeB18_feff_Fe_site_04,164
mp_650968,Nd5FeB18,mp_650968_Nd5FeB18_feff_Fe_site_05,164
mp_616616,Sr15Fe10Bi5O232_,mp_616616_Sr15Fe10Bi5O232__feff_Fe_site_01,162
mp_818295,Fe9Si6O25_,mp_818295_Fe9Si6O25__feff_Fe_site_01,160
mp_735783,BaNaFe4P6H3O25_,mp_735783_BaNaFe4P6H3O25__feff_Fe_site_01,160
mp_757676,Li4FeP2O9_,mp_757676_Li4FeP2O9__feff_Fe_site_01,160
mp_24776,FeH18NO63_,mp_24776_FeH18NO63__feff_Fe_site_01,160
mp_600165,FeH24C8NCl22_,mp_600165_FeH24C8NCl22__feff_Fe_site_01,156
mp_764875,Fe3PO42_,mp_764875_Fe3PO42__feff_Fe_site_01,156
mp_532545,K2ZrFePO43_,mp_532545_K2ZrFePO43__feff_Fe_site_01,152
mp_1178011,Li2Fe2SO43_,mp_1178011_Li2Fe2SO43__feff_Fe_site_01,152
mp_1185592,Mg149Fe,mp_1185592_Mg149Fe_feff_Fe_site_01,150
mp_652092,Fe4PbCO16_,mp_652092_Fe4PbCO16__feff_Fe_site_01,148
mp_649805,Fe4GeCO16_,mp_649805_Fe4GeCO16__feff_Fe_site_01,148
mp_1215162,Al119Cr16Fe13,mp_1215162_Al119Cr16Fe13_feff_Fe_site_01,148
mp_1215162,Al119Cr16Fe13,mp_1215162_Al119Cr16Fe13_feff_Fe_site_09,148
mp_653596,Fe4SiCO16_,mp_653596_Fe4SiCO16__feff_Fe_site_01,148
mp_1215162,Al119Cr16Fe13,mp_1215162_Al119Cr16Fe13_feff_Fe_site_07,148
mp_1215162,Al119Cr16Fe13,mp_1215162_Al119Cr16Fe13_feff_Fe_site_08,148
mp_1215162,Al119Cr16Fe13,mp_1215162_Al119Cr16Fe13_feff_Fe_site_06,148
mp_1215162,Al119Cr16Fe13,mp_1215162_Al119Cr16Fe13_feff_Fe_site_05,148
mp_1215162,Al119Cr16Fe13,mp_1215162_Al119Cr16Fe13_feff_Fe_site_03,148
mp_1215162,Al119Cr16Fe13,mp_1215162_Al119Cr16Fe13_feff_Fe_site_04,148
mp_1215162,Al119Cr16Fe13,mp_1215162_Al119Cr16Fe13_feff_Fe_site_11,148
mp_1215162,Al119Cr16Fe13,mp_1215162_Al119Cr16Fe13_feff_Fe_site_10,148
mp_1215162,Al119Cr16Fe13,mp_1215162_Al119Cr16Fe13_feff_Fe_site_02,148
mp_1201957,Na3FeH10C6O17_,mp_1201957_Na3FeH10C6O17__feff_Fe_site_01,148
mp_1201707,Fe3P3H12C2N2O13F2_,mp_1201707_Fe3P3H12C2N2O13F2__feff_Fe_site_01,148
mp_683793,Fe4Te2MoC14SO72_,mp_683793_Fe4Te2MoC14SO72__feff_Fe_site_01,148
mp_706411,Fe4SnCO16_,mp_706411_Fe4SnCO16__feff_Fe_site_01,148
mp_743549,Fe3P8H26NO36_,mp_743549_Fe3P8H26NO36__feff_Fe_site_01,148
mp_1226982,FeB18H42C8SN2_,mp_1226982_FeB18H42C8SN2__feff_Fe_site_01,146
mp_1076090,BaSr7Fe2O54_,mp_1076090_BaSr7Fe2O54__feff_Fe_site_01,144
mp_1076092,Sr7CaMn2Fe3O102_,mp_1076092_Sr7CaMn2Fe3O102__feff_Fe_site_01,144
mp_1076141,Sr5Ca3Mn4FeO54_,mp_1076141_Sr5Ca3Mn4FeO54__feff_Fe_site_01,144
mp_1076177,Sr6Ca2Mn3FeO45_,mp_1076177_Sr6Ca2Mn3FeO45__feff_Fe_site_01,144
mp_1076159,Sr7CaFe4CoO54_,mp_1076159_Sr7CaFe4CoO54__feff_Fe_site_01,144
mp_1076163,Sr4Ca4Mn7FeO20_,mp_1076163_Sr4Ca4Mn7FeO20__feff_Fe_site_01,144
mp_1076181,BaSr7Mn2Fe3O102_,mp_1076181_BaSr7Mn2Fe3O102__feff_Fe_site_01,144
mp_1099847,SrCa7FeCo7O20_,mp_1099847_SrCa7FeCo7O20__feff_Fe_site_01,144
mp_1099892,La6Sm2Cr3FeO45_,mp_1099892_La6Sm2Cr3FeO45__feff_Fe_site_01,144
mp_1099862,BaSr7Fe6CoO102_,mp_1099862_BaSr7Fe6CoO102__feff_Fe_site_01,144
mp_1099907,Ca7MgFeCo7O20_,mp_1099907_Ca7MgFeCo7O20__feff_Fe_site_01,144
mp_1076147,Sr2Ca2Fe3CoO10_,mp_1076147_Sr2Ca2Fe3CoO10__feff_Fe_site_01,144
mp_1076450,Sr3Ca5Mn4FeO54_,mp_1076450_Sr3Ca5Mn4FeO54__feff_Fe_site_01,144
mp_1099974,Sr6Ca2MnFe7O20_,mp_1099974_Sr6Ca2MnFe7O20__feff_Fe_site_01,144
mp_1076487,Sr7CaMnFe7O20_,mp_1076487_Sr7CaMnFe7O20__feff_Fe_site_01,144
mp_1076488,Sr6Ca2Fe3CoO45_,mp_1076488_Sr6Ca2Fe3CoO45__feff_Fe_site_01,144
mp_1076502,Sr4Ca4Fe3CoO45_,mp_1076502_Sr4Ca4Fe3CoO45__feff_Fe_site_01,144
mp_1076459,La7SmCrFe7O20_,mp_1076459_La7SmCrFe7O20__feff_Fe_site_03,144
mp_1076473,BaSr7MnFe7O20_,mp_1076473_BaSr7MnFe7O20__feff_Fe_site_01,144
mp_1076449,SrCa7Mn7FeO20_,mp_1076449_SrCa7Mn7FeO20__feff_Fe_site_01,144
mp_1076761,Sr3CaFe2O52_,mp_1076761_Sr3CaFe2O52__feff_Fe_site_01,144
mp_1196434,K5Fe2Te5,mp_1196434_K5Fe2Te5_feff_Fe_site_01,144
mp_1076601,Sr5Ca3Mn6FeO102_,mp_1076601_Sr5Ca3Mn6FeO102__feff_Fe_site_01,144
mp_1076516,Sr5Ca3Fe7CoO20_,mp_1076516_Sr5Ca3Fe7CoO20__feff_Fe_site_01,144
mp_1076750,Sr3Ca5Mn7FeO20_,mp_1076750_Sr3Ca5Mn7FeO20__feff_Fe_site_01,144
mp_1076758,Sr7CaFe5Co3O20_,mp_1076758_Sr7CaFe5Co3O20__feff_Fe_site_01,144
mp_1076631,Sr7CaFe6CoO102_,mp_1076631_Sr7CaFe6CoO102__feff_Fe_site_01,144
mp_1099946,Sr7CaFe7CoO20_,mp_1099946_Sr7CaFe7CoO20__feff_Fe_site_01,144
mp_1182791,CaMgFeP2O13_,mp_1182791_CaMgFeP2O13__feff_Fe_site_01,144
mp_1099810,Sr2Ca6Mn7FeO20_,mp_1099810_Sr2Ca6Mn7FeO20__feff_Fe_site_01,144
mp_1099798,Sr5Ca3Fe2Co3O102_,mp_1099798_Sr5Ca3Fe2Co3O102__feff_Fe_site_01,144
mp_1099831,Ca7MgMn7FeO20_,mp_1099831_Ca7MgMn7FeO20__feff_Fe_site_01,144
mp_1099816,Sr5Ca3FeCo7O20_,mp_1099816_Sr5Ca3FeCo7O20__feff_Fe_site_01,144
mp_1099745,SrCa7Fe2Co3O102_,mp_1099745_SrCa7Fe2Co3O102__feff_Fe_site_01,144
mp_1076198,Sr2Ca6Fe3CoO45_,mp_1076198_Sr2Ca6Fe3CoO45__feff_Fe_site_01,144
mp_1076428,Sr5Ca3Fe4CoO54_,mp_1076428_Sr5Ca3Fe4CoO54__feff_Fe_site_01,144
mp_1076197,Sr2Ca2Mn3FeO10_,mp_1076197_Sr2Ca2Mn3FeO10__feff_Fe_site_01,144
mp_1076190,Sr4Ca4Mn5Fe3O20_,mp_1076190_Sr4Ca4Mn5Fe3O20__feff_Fe_site_01,144
mp_1076862,Sr2Ca6Mn5Fe3O20_,mp_1076862_Sr2Ca6Mn5Fe3O20__feff_Fe_site_01,144
mp_1076884,Sr6Ca2Fe7CoO20_,mp_1076884_Sr6Ca2Fe7CoO20__feff_Fe_site_01,144
mp_1077691,SrCa7Mn6FeO102_,mp_1077691_SrCa7Mn6FeO102__feff_Fe_site_01,144
mp_1076769,Sr6Ca2Fe5Co3O20_,mp_1076769_Sr6Ca2Fe5Co3O20__feff_Fe_site_01,144
mp_1076892,BaSr7Fe7CoO20_,mp_1076892_BaSr7Fe7CoO20__feff_Fe_site_01,144
mp_1099653,Sr2Ca6FeCo7O20_,mp_1099653_Sr2Ca6FeCo7O20__feff_Fe_site_01,144
mp_1099692,Sr7CaMn4FeO54_,mp_1099692_Sr7CaMn4FeO54__feff_Fe_site_01,144
mp_1076479,Sr3Ca5FeCo7O20_,mp_1076479_Sr3Ca5FeCo7O20__feff_Fe_site_01,144
mp_1076165,Sr8Fe7CoO20_,mp_1076165_Sr8Fe7CoO20__feff_Fe_site_01,144
mp_1076444,Sr2Ca2MnFe3O10_,mp_1076444_Sr2Ca2MnFe3O10__feff_Fe_site_01,144
mp_1076409,Sr8MnFe7O20_,mp_1076409_Sr8MnFe7O20__feff_Fe_site_01,144
mp_1076199,Sr5Ca3MnFe7O20_,mp_1076199_Sr5Ca3MnFe7O20__feff_Fe_site_01,144
mp_1099665,Sr2Ca2FeCo3O10_,mp_1099665_Sr2Ca2FeCo3O10__feff_Fe_site_01,144
mp_1099661,Sr7CaMn3FeO45_,mp_1099661_Sr7CaMn3FeO45__feff_Fe_site_01,144
mp_556871,Na3Fe2P2O8F3_,mp_556871_Na3Fe2P2O8F3__feff_Fe_site_01,144
mp_1099672,Sr5Ca3Mn7FeO20_,mp_1099672_Sr5Ca3Mn7FeO20__feff_Fe_site_01,144
mp_1076182,Sr6Ca2Mn5Fe3O20_,mp_1076182_Sr6Ca2Mn5Fe3O20__feff_Fe_site_01,144
mp_1099708,Sr3Ca5Fe4CoO54_,mp_1099708_Sr3Ca5Fe4CoO54__feff_Fe_site_01,144
mp_704755,Fe3PWC15BrO15_,mp_704755_Fe3PWC15BrO15__feff_Fe_site_01,144
mp_1100009,Sr4Ca4FeCo7O20_,mp_1100009_Sr4Ca4FeCo7O20__feff_Fe_site_01,144
mp_1199719,Na3Fe2P2O8F3_,mp_1199719_Na3Fe2P2O8F3__feff_Fe_site_01,144
mp_1076614,Sr3Ca5Fe5Co3O20_,mp_1076614_Sr3Ca5Fe5Co3O20__feff_Fe_site_01,144
mp_1076482,Sr3Ca5Mn3FeO45_,mp_1076482_Sr3Ca5Mn3FeO45__feff_Fe_site_01,144
mp_31403,Al39Fe7Cu24,mp_31403_Al39Fe7Cu24_feff_Fe_site_02,140
mp_31403,Al39Fe7Cu24,mp_31403_Al39Fe7Cu24_feff_Fe_site_01,140
mp_1203485,Fe3B11HO20_,mp_1203485_Fe3B11HO20__feff_Fe_site_01,140
mp_1201385,Ba3Fe26O41_,mp_1201385_Ba3Fe26O41__feff_Fe_site_01,140
mp_30702,Sc29Fe6,mp_30702_Sc29Fe6_feff_Fe_site_02,140
mp_31403,Al39Fe7Cu24,mp_31403_Al39Fe7Cu24_feff_Fe_site_03,140
mp_30702,Sc29Fe6,mp_30702_Sc29Fe6_feff_Fe_site_01,140
mp_735701,KFe3P8H11O182_,mp_735701_KFe3P8H11O182__feff_Fe_site_01,140
mp_651106,FeSb2WC8Se2O2F34_,mp_651106_FeSb2WC8Se2O2F34__feff_Fe_site_01,136
mp_1200389,Fe7Sb3P3ClO63_,mp_1200389_Fe7Sb3P3ClO63__feff_Fe_site_01,136
mp_764827,Fe2CuAs2HO52_,mp_764827_Fe2CuAs2HO52__feff_Fe_site_01,136
mp_1213596,Fe2WO43_,mp_1213596_Fe2WO43__feff_Fe_site_01,136
mp_1194614,FeH20C8NCl4_,mp_1194614_FeH20C8NCl4__feff_Fe_site_01,136
mp_705435,Fe2MoO43_,mp_705435_Fe2MoO43__feff_Fe_site_01,136
mp_704851,Fe2MoO43_,mp_704851_Fe2MoO43__feff_Fe_site_01,136
mp_1197479,Fe7Sb3P3BrO63_,mp_1197479_Fe7Sb3P3BrO63__feff_Fe_site_01,136
mp_745200,Fe2P2H4NO8_,mp_745200_Fe2P2H4NO8__feff_Fe_site_01,136
mp_1182833,Fe2P2H4NO8_,mp_1182833_Fe2P2H4NO8__feff_Fe_site_01,136
mp_1182219,Li4FeC6ClO21_,mp_1182219_Li4FeC6ClO21__feff_Fe_site_01,132
mp_1205160,Rb9Fe7PO410_,mp_1205160_Rb9Fe7PO410__feff_Fe_site_01,132
mp_1202597,Na3FeSO53_,mp_1202597_Na3FeSO53__feff_Fe_site_01,132
mp_1201806,FeH21C7S3N_,mp_1201806_FeH21C7S3N__feff_Fe_site_01,132
mp_1205261,Li4FeC6ClO21_,mp_1205261_Li4FeC6ClO21__feff_Fe_site_01,132
mp_759270,Li5FeSiO42_,mp_759270_Li5FeSiO42__feff_Fe_site_01,128
mp_583509,Ba5FeS29,mp_583509_Ba5FeS29_feff_Fe_site_04,128
mp_583509,Ba5FeS29,mp_583509_Ba5FeS29_feff_Fe_site_01,128
mp_583509,Ba5FeS29,mp_583509_Ba5FeS29_feff_Fe_site_02,128
mp_581532,Cs3Fe4PO45_,mp_581532_Cs3Fe4PO45__feff_Fe_site_01,128
mp_680207,Gd2FeB7,mp_680207_Gd2FeB7_feff_Fe_site_03,128
mp_680207,Gd2FeB7,mp_680207_Gd2FeB7_feff_Fe_site_01,128
mp_583509,Ba5FeS29,mp_583509_Ba5FeS29_feff_Fe_site_05,128
mp_28640,K2FeF5,mp_28640_K2FeF5_feff_Fe_site_02,128
mp_24447,FeCoH18NCl6_,mp_24447_FeCoH18NCl6__feff_Fe_site_01,128
mp_28640,K2FeF5,mp_28640_K2FeF5_feff_Fe_site_01,128
mp_24117,CrFeH18NF6_,mp_24117_CrFeH18NF6__feff_Fe_site_01,128
mp_680207,Gd2FeB7,mp_680207_Gd2FeB7_feff_Fe_site_04,128
mp_680207,Gd2FeB7,mp_680207_Gd2FeB7_feff_Fe_site_05,128
mp_680207,Gd2FeB7,mp_680207_Gd2FeB7_feff_Fe_site_06,128
mp_680207,Gd2FeB7,mp_680207_Gd2FeB7_feff_Fe_site_07,128
mp_680207,Gd2FeB7,mp_680207_Gd2FeB7_feff_Fe_site_02,128
mp_1207884,ZnFePO5_,mp_1207884_ZnFePO5__feff_Fe_site_01,128
mp_583509,Ba5FeS29,mp_583509_Ba5FeS29_feff_Fe_site_03,128
mp_554621,K2FeF5,mp_554621_K2FeF5_feff_Fe_site_02,128
mp_757582,Li4FeP2O9_,mp_757582_Li4FeP2O9__feff_Fe_site_01,128
mp_554621,K2FeF5,mp_554621_K2FeF5_feff_Fe_site_03,128
mp_554621,K2FeF5,mp_554621_K2FeF5_feff_Fe_site_04,128
mp_554621,K2FeF5,mp_554621_K2FeF5_feff_Fe_site_01,128
mp_707411,Zn3Fe15Cu39Ge3S322,mp_707411_Zn3Fe15Cu39Ge3S322_feff_Fe_site_07,127
mp_707411,Zn3Fe15Cu39Ge3S322,mp_707411_Zn3Fe15Cu39Ge3S322_feff_Fe_site_14,127
mp_707411,Zn3Fe15Cu39Ge3S322,mp_707411_Zn3Fe15Cu39Ge3S322_feff_Fe_site_06,127
mp_707411,Zn3Fe15Cu39Ge3S322,mp_707411_Zn3Fe15Cu39Ge3S322_feff_Fe_site_11,127
mp_707411,Zn3Fe15Cu39Ge3S322,mp_707411_Zn3Fe15Cu39Ge3S322_feff_Fe_site_10,127
mp_707411,Zn3Fe15Cu39Ge3S322,mp_707411_Zn3Fe15Cu39Ge3S322_feff_Fe_site_09,127
mp_707411,Zn3Fe15Cu39Ge3S322,mp_707411_Zn3Fe15Cu39Ge3S322_feff_Fe_site_08,127
mp_707411,Zn3Fe15Cu39Ge3S322,mp_707411_Zn3Fe15Cu39Ge3S322_feff_Fe_site_15,127
mp_707411,Zn3Fe15Cu39Ge3S322,mp_707411_Zn3Fe15Cu39Ge3S322_feff_Fe_site_02,127
mp_707411,Zn3Fe15Cu39Ge3S322,mp_707411_Zn3Fe15Cu39Ge3S322_feff_Fe_site_01,127
mp_707411,Zn3Fe15Cu39Ge3S322,mp_707411_Zn3Fe15Cu39Ge3S322_feff_Fe_site_12,127
mp_707411,Zn3Fe15Cu39Ge3S322,mp_707411_Zn3Fe15Cu39Ge3S322_feff_Fe_site_13,127
mp_707411,Zn3Fe15Cu39Ge3S322,mp_707411_Zn3Fe15Cu39Ge3S322_feff_Fe_site_05,127
mp_707411,Zn3Fe15Cu39Ge3S322,mp_707411_Zn3Fe15Cu39Ge3S322_feff_Fe_site_03,127
mp_707411,Zn3Fe15Cu39Ge3S322,mp_707411_Zn3Fe15Cu39Ge3S322_feff_Fe_site_04,127
mp_1196071,Ba2Fe2O5_,mp_1196071_Ba2Fe2O5__feff_Fe_site_01,126
mp_1100888,ZnFe2O34_,mp_1100888_ZnFe2O34__feff_Fe_site_01,126
mp_654312,Ba2Fe2O5_,mp_654312_Ba2Fe2O5__feff_Fe_site_01,126
mp_765464,Fe2H11SeO53_,mp_765464_Fe2H11SeO53__feff_Fe_site_01,124
mp_560126,Fe4P2O73_,mp_560126_Fe4P2O73__feff_Fe_site_01,124
mp_1205043,Rb7Fe7P8HO94_,mp_1205043_Rb7Fe7P8HO94__feff_Fe_site_01,124
mp_706459,Fe4C14O13_,mp_706459_Fe4C14O13__feff_Fe_site_01,124
mp_1229249,Al79Fe13Si92,mp_1229249_Al79Fe13Si92_feff_Fe_site_10,123
mp_1229249,Al79Fe13Si92,mp_1229249_Al79Fe13Si92_feff_Fe_site_07,123
mp_1229249,Al79Fe13Si92,mp_1229249_Al79Fe13Si92_feff_Fe_site_02,123
mp_1229249,Al79Fe13Si92,mp_1229249_Al79Fe13Si92_feff_Fe_site_03,123
mp_1229249,Al79Fe13Si92,mp_1229249_Al79Fe13Si92_feff_Fe_site_12,123
mp_1229249,Al79Fe13Si92,mp_1229249_Al79Fe13Si92_feff_Fe_site_13,123
mp_1229249,Al79Fe13Si92,mp_1229249_Al79Fe13Si92_feff_Fe_site_01,123
mp_1229249,Al79Fe13Si92,mp_1229249_Al79Fe13Si92_feff_Fe_site_11,123
mp_1229249,Al79Fe13Si92,mp_1229249_Al79Fe13Si92_feff_Fe_site_05,123
mp_1229249,Al79Fe13Si92,mp_1229249_Al79Fe13Si92_feff_Fe_site_04,123
mp_1229249,Al79Fe13Si92,mp_1229249_Al79Fe13Si92_feff_Fe_site_06,123
mp_1229249,Al79Fe13Si92,mp_1229249_Al79Fe13Si92_feff_Fe_site_08,123
mp_1229249,Al79Fe13Si92,mp_1229249_Al79Fe13Si92_feff_Fe_site_09,123
mp_683831,Fe3MoC11SeS3O11_,mp_683831_Fe3MoC11SeS3O11__feff_Fe_site_01,120
mp_818725,FeB6CO4_,mp_818725_FeB6CO4__feff_Fe_site_01,120
mp_1173803,Na3CaFe4SiO38_,mp_1173803_Na3CaFe4SiO38__feff_Fe_site_01,120
mp_1225171,Mn2Al3FePO73_,mp_1225171_Mn2Al3FePO73__feff_Fe_site_01,120
mp_1196537,FeAs2H18C2I3_,mp_1196537_FeAs2H18C2I3__feff_Fe_site_01,120
mp_1173284,Sr2FeMoO6_,mp_1173284_Sr2FeMoO6__feff_Fe_site_01,120
mp_1223304,Mg2Al16Fe6Si20O73_,mp_1223304_Mg2Al16Fe6Si20O73__feff_Fe_site_01,117
mp_720729,K3Fe3P4H2O17_,mp_720729_K3Fe3P4H2O17__feff_Fe_site_01,116
mp_1208570,V2Fe4Mo3O20_,mp_1208570_V2Fe4Mo3O20__feff_Fe_site_01,116
mp_744690,NaLi3Ti2Fe2PO46_,mp_744690_NaLi3Ti2Fe2PO46__feff_Fe_site_01,114
mp_1265553,Al2FeO33_,mp_1265553_Al2FeO33__feff_Fe_site_01,112
mp_744713,NaFe3P2H4O72_,mp_744713_NaFe3P2H4O72__feff_Fe_site_01,112
mp_744767,MnFeH14O7F5_,mp_744767_MnFeH14O7F5__feff_Fe_site_01,112
mp_759315,LiFeSiO4_,mp_759315_LiFeSiO4__feff_Fe_site_01,112
mp_758892,LiFeSiO4_,mp_758892_LiFeSiO4__feff_Fe_site_01,112
mp_568158,Nd2Fe23B3,mp_568158_Nd2Fe23B3_feff_Fe_site_04,112
mp_568158,Nd2Fe23B3,mp_568158_Nd2Fe23B3_feff_Fe_site_02,112
mp_1204955,K3Fe6F19,mp_1204955_K3Fe6F19_feff_Fe_site_01,112
mp_1204707,Fe3P4H8NO12_,mp_1204707_Fe3P4H8NO12__feff_Fe_site_01,112
mp_568158,Nd2Fe23B3,mp_568158_Nd2Fe23B3_feff_Fe_site_01,112
mp_694615,LiFePO4_,mp_694615_LiFePO4__feff_Fe_site_01,112
mp_1204955,K3Fe6F19,mp_1204955_K3Fe6F19_feff_Fe_site_04,112
mp_568158,Nd2Fe23B3,mp_568158_Nd2Fe23B3_feff_Fe_site_03,112
mp_568158,Nd2Fe23B3,mp_568158_Nd2Fe23B3_feff_Fe_site_05,112
mp_558611,BaFeO22_,mp_558611_BaFeO22__feff_Fe_site_01,112
mp_757240,Li3FePO42_,mp_757240_Li3FePO42__feff_Fe_site_01,112
mp_757653,LiFePO4_,mp_757653_LiFePO4__feff_Fe_site_01,112
mp_757629,Li3FePO42_,mp_757629_Li3FePO42__feff_Fe_site_01,112
mp_757649,Li3FePO42_,mp_757649_Li3FePO42__feff_Fe_site_01,112
mp_555262,Ba9Fe4S15,mp_555262_Ba9Fe4S15_feff_Fe_site_02,112
mp_555262,Ba9Fe4S15,mp_555262_Ba9Fe4S15_feff_Fe_site_03,112
mp_555262,Ba9Fe4S15,mp_555262_Ba9Fe4S15_feff_Fe_site_04,112
mp_555262,Ba9Fe4S15,mp_555262_Ba9Fe4S15_feff_Fe_site_01,112
mp_705041,Fe2P3C8N3ClO24_,mp_705041_Fe2P3C8N3ClO24__feff_Fe_site_01,112
mp_759401,LiFeSiO4_,mp_759401_LiFeSiO4__feff_Fe_site_01,112
mp_555031,Fe3SiP5O19_,mp_555031_Fe3SiP5O19__feff_Fe_site_01,112
mp_706252,LiFe5O8_,mp_706252_LiFe5O8__feff_Fe_site_01,112
mp_1202981,FeC7O2F2_,mp_1202981_FeC7O2F2__feff_Fe_site_01,112
mp_1204955,K3Fe6F19,mp_1204955_K3Fe6F19_feff_Fe_site_03,112
mp_1204955,K3Fe6F19,mp_1204955_K3Fe6F19_feff_Fe_site_02,112
mp_1173842,NaCaMg3Fe6PO49_,mp_1173842_NaCaMg3Fe6PO49__feff_Fe_site_01,112
mp_585319,LiFePO4_,mp_585319_LiFePO4__feff_Fe_site_01,112
mp_651724,Fe2Te2Ru2CO11_,mp_651724_Fe2Te2Ru2CO11__feff_Fe_site_01,112
mp_1204478,FeH16C4N2Cl5_,mp_1204478_FeH16C4N2Cl5__feff_Fe_site_01,112
mp_624762,Fe4Te2CO11_,mp_624762_Fe4Te2CO11__feff_Fe_site_01,112
mp_1226029,Fe14Cu7PO418_,mp_1226029_Fe14Cu7PO418__feff_Fe_site_01,111
mp_849393,Li8Fe7PO48_,mp_849393_Li8Fe7PO48__feff_Fe_site_01,110
mp_557307,Nd5Ti4FeO17_,mp_557307_Nd5Ti4FeO17__feff_Fe_site_01,108
mp_653267,Fe6Sn2CO23_,mp_653267_Fe6Sn2CO23__feff_Fe_site_01,108
mp_1204738,FeAs2S4O2F34_,mp_1204738_FeAs2S4O2F34__feff_Fe_site_01,108
mp_555502,Pr5Ti4FeO17_,mp_555502_Pr5Ti4FeO17__feff_Fe_site_01,108
mp_683792,Fe2OsCO12_,mp_683792_Fe2OsCO12__feff_Fe_site_01,108
mp_776601,Li3FeB8O15_,mp_776601_Li3FeB8O15__feff_Fe_site_01,108
mp_1227858,Ca6Al2Fe4O15_,mp_1227858_Ca6Al2Fe4O15__feff_Fe_site_01,108
mp_653817,Fe6Ge2CO23_,mp_653817_Fe6Ge2CO23__feff_Fe_site_01,108
mp_1213654,Fe6P4H23O21_,mp_1213654_Fe6P4H23O21__feff_Fe_site_01,108
mp_1173652,NaMg2Fe3P4H9O132_,mp_1173652_NaMg2Fe3P4H9O132__feff_Fe_site_01,108
mp_1203197,FeH7C3NO6_,mp_1203197_FeH7C3NO6__feff_Fe_site_01,108
mp_744374,Fe6P4H17O27_,mp_744374_Fe6P4H17O27__feff_Fe_site_01,108
mp_1182787,Na3FeC6O17_,mp_1182787_Na3FeC6O17__feff_Fe_site_01,108
mp_705638,Fe21HO32_,mp_705638_Fe21HO32__feff_Fe_site_01,108
mp_1197490,KFe3HCO11_,mp_1197490_KFe3HCO11__feff_Fe_site_01,108
mp_1196377,Ba2Fe3P2O92_,mp_1196377_Ba2Fe3P2O92__feff_Fe_site_01,108
mp_1198559,FeH14SO11_,mp_1198559_FeH14SO11__feff_Fe_site_01,108
mp_1182626,Fe6P4H17O27_,mp_1182626_Fe6P4H17O27__feff_Fe_site_01,108
mp_698854,Ba5SrNd2Fe4O15_,mp_698854_Ba5SrNd2Fe4O15__feff_Fe_site_01,108
mp_554531,Li11La12Fe3O28_,mp_554531_Li11La12Fe3O28__feff_Fe_site_01,108
mp_709074,FeH16C4NCl22_,mp_709074_FeH16C4NCl22__feff_Fe_site_01,108
mp_1199823,Na3FeC6O17_,mp_1199823_Na3FeC6O17__feff_Fe_site_01,108
mp_698793,Ba5SrLa2Fe4O15_,mp_698793_Ba5SrLa2Fe4O15__feff_Fe_site_01,108
mp_685230,Fe21HO32_,mp_685230_Fe21HO32__feff_Fe_site_01,108
mp_685232,Ti8Fe35O64_,mp_685232_Ti8Fe35O64__feff_Fe_site_01,107
mp_27081,Li7Fe4P9O32_,mp_27081_Li7Fe4P9O32__feff_Fe_site_01,104
mp_705404,Li4Fe3P4O15_,mp_705404_Li4Fe3P4O15__feff_Fe_site_01,104
mp_757351,Li2FePO42_,mp_757351_Li2FePO42__feff_Fe_site_01,104
mp_1200387,NaFePH2CO32_,mp_1200387_NaFePH2CO32__feff_Fe_site_01,104
mp_1203520,FeH12C5NCl2O5_,mp_1203520_FeH12C5NCl2O5__feff_Fe_site_01,104
mp_780594,Li2FeSO42_,mp_780594_Li2FeSO42__feff_Fe_site_01,104
mp_1225206,Fe2P4Pb3O17_,mp_1225206_Fe2P4Pb3O17__feff_Fe_site_01,104
mp_1203835,Na4Fe3P4O15_,mp_1203835_Na4Fe3P4O15__feff_Fe_site_01,104
mp_1215165,AlFe3SO76_,mp_1215165_AlFe3SO76__feff_Fe_site_01,104
mp_1220949,Na7Fe4P9O32_,mp_1220949_Na7Fe4P9O32__feff_Fe_site_01,104
mp_1213661,Fe2SO73_,mp_1213661_Fe2SO73__feff_Fe_site_01,104
mp_1197408,FeH12C6NClO22_,mp_1197408_FeH12C6NClO22__feff_Fe_site_01,104
mp_1199115,Fe2H6SO53_,mp_1199115_Fe2H6SO53__feff_Fe_site_01,104
mp_1181416,MnFeH4NF6_,mp_1181416_MnFeH4NF6__feff_Fe_site_01,104
mp_1181416,MnFeH4NF6_,mp_1181416_MnFeH4NF6__feff_Fe_site_02,104
mp_1182519,MnFeH4NF6_,mp_1182519_MnFeH4NF6__feff_Fe_site_01,104
mp_1202233,Fe2P3O3F3_,mp_1202233_Fe2P3O3F3__feff_Fe_site_01,102
mp_757427,Li3FeSi2O53_,mp_757427_Li3FeSi2O53__feff_Fe_site_01,100
mp_1173239,Sr3La7Mn9FeO30_,mp_1173239_Sr3La7Mn9FeO30__feff_Fe_site_01,100
mp_6838,Na2LiFeSi2O53_,mp_6838_Na2LiFeSi2O53__feff_Fe_site_01,100
mp_775172,Li5Sc2Fe3SiO310_,mp_775172_Li5Sc2Fe3SiO310__feff_Fe_site_01,100
mp_765285,Li3FeSi2O53_,mp_765285_Li3FeSi2O53__feff_Fe_site_01,100
mp_772312,Li2Fe2Si2O53_,mp_772312_Li2Fe2Si2O53__feff_Fe_site_01,100
mp_695491,Na3Ca2Fe5SiO310_,mp_695491_Na3Ca2Fe5SiO310__feff_Fe_site_01,100
mp_695057,Sr8Nd2Fe5MoO65_,mp_695057_Sr8Nd2Fe5MoO65__feff_Fe_site_01,100
mp_775304,Na9LiFe10SiO320_,mp_775304_Na9LiFe10SiO320__feff_Fe_site_01,100
mp_778185,Li2FeH8SO62_,mp_778185_Li2FeH8SO62__feff_Fe_site_01,100
mp_1205279,K3FeC2O53_,mp_1205279_K3FeC2O53__feff_Fe_site_01,100
mp_1212653,K3FeH3CO26_,mp_1212653_K3FeH3CO26__feff_Fe_site_01,100
mp_1101479,NaLi9Fe10SiO320_,mp_1101479_NaLi9Fe10SiO320__feff_Fe_site_01,100
mp_775329,Na3Li2Fe5SiO310_,mp_775329_Na3Li2Fe5SiO310__feff_Fe_site_01,100
mp_777799,Li3FeSi2O53_,mp_777799_Li3FeSi2O53__feff_Fe_site_01,100
mp_1205475,FeH10S2NO11_,mp_1205475_FeH10S2NO11__feff_Fe_site_01,100
mp_1245108,Fe,mp_1245108_Fe_feff_Fe_site_95,100
mp_1245108,Fe,mp_1245108_Fe_feff_Fe_site_96,100
mp_16283,KNa2Li3Fe2Si2O56_,mp_16283_KNa2Li3Fe2Si2O56__feff_Fe_site_01,100
mp_23881,Fe2P2H9NO11_,mp_23881_Fe2P2H9NO11__feff_Fe_site_01,100
mp_1173281,Sr2FeMoO6_,mp_1173281_Sr2FeMoO6__feff_Fe_site_01,100
mp_1173282,Sr2FeMoO6_,mp_1173282_Sr2FeMoO6__feff_Fe_site_01,100
mp_746791,FeH10S2NO11_,mp_746791_FeH10S2NO11__feff_Fe_site_01,100
mp_542146,K2FeH8SO62_,mp_542146_K2FeH8SO62__feff_Fe_site_01,100
mp_1245108,Fe,mp_1245108_Fe_feff_Fe_site_14,100
mp_1245108,Fe,mp_1245108_Fe_feff_Fe_site_13,100
mp_1245108,Fe,mp_1245108_Fe_feff_Fe_site_12,100
mp_1245108,Fe,mp_1245108_Fe_feff_Fe_site_11,100
mp_1245108,Fe,mp_1245108_Fe_feff_Fe_site_10,100
mp_1245108,Fe,mp_1245108_Fe_feff_Fe_site_09,100
mp_1245108,Fe,mp_1245108_Fe_feff_Fe_site_08,100
mp_1245108,Fe,mp_1245108_Fe_feff_Fe_site_07,100
mp_1245108,Fe,mp_1245108_Fe_feff_Fe_site_20,100
mp_1245108,Fe,mp_1245108_Fe_feff_Fe_site_19,100
mp_1245108,Fe,mp_1245108_Fe_feff_Fe_site_18,100
mp_1245108,Fe,mp_1245108_Fe_feff_Fe_site_17,100
mp_1245108,Fe,mp_1245108_Fe_feff_Fe_site_16,100
mp_1245108,Fe,mp_1245108_Fe_feff_Fe_site_15,100
mp_1245108,Fe,mp_1245108_Fe_feff_Fe_site_46,100
mp_1245108,Fe,mp_1245108_Fe_feff_Fe_site_45,100
mp_1245108,Fe,mp_1245108_Fe_feff_Fe_site_44,100
mp_1245108,Fe,mp_1245108_Fe_feff_Fe_site_43,100
mp_1245108,Fe,mp_1245108_Fe_feff_Fe_site_42,100
mp_1245108,Fe,mp_1245108_Fe_feff_Fe_site_41,100
mp_1245108,Fe,mp_1245108_Fe_feff_Fe_site_40,100
mp_1245108,Fe,mp_1245108_Fe_feff_Fe_site_39,100
mp_1245108,Fe,mp_1245108_Fe_feff_Fe_site_38,100
mp_1245108,Fe,mp_1245108_Fe_feff_Fe_site_37,100
mp_1245108,Fe,mp_1245108_Fe_feff_Fe_site_06,100
mp_1245108,Fe,mp_1245108_Fe_feff_Fe_site_05,100
mp_1245108,Fe,mp_1245108_Fe_feff_Fe_site_04,100
mp_1245108,Fe,mp_1245108_Fe_feff_Fe_site_03,100
mp_1245108,Fe,mp_1245108_Fe_feff_Fe_site_02,100
mp_1245108,Fe,mp_1245108_Fe_feff_Fe_site_01,100
mp_1245108,Fe,mp_1245108_Fe_feff_Fe_site_30,100
mp_1245108,Fe,mp_1245108_Fe_feff_Fe_site_29,100
mp_1245108,Fe,mp_1245108_Fe_feff_Fe_site_28,100
mp_1245108,Fe,mp_1245108_Fe_feff_Fe_site_27,100
mp_1245108,Fe,mp_1245108_Fe_feff_Fe_site_26,100
mp_1245108,Fe,mp_1245108_Fe_feff_Fe_site_25,100
mp_1245108,Fe,mp_1245108_Fe_feff_Fe_site_24,100
mp_1245108,Fe,mp_1245108_Fe_feff_Fe_site_23,100
mp_1245108,Fe,mp_1245108_Fe_feff_Fe_site_22,100
mp_1245108,Fe,mp_1245108_Fe_feff_Fe_site_21,100
mp_1245108,Fe,mp_1245108_Fe_feff_Fe_site_53,100
mp_1245108,Fe,mp_1245108_Fe_feff_Fe_site_54,100
mp_1245108,Fe,mp_1245108_Fe_feff_Fe_site_55,100
mp_1245108,Fe,mp_1245108_Fe_feff_Fe_site_56,100
mp_1245108,Fe,mp_1245108_Fe_feff_Fe_site_57,100
mp_1245108,Fe,mp_1245108_Fe_feff_Fe_site_58,100
mp_1245108,Fe,mp_1245108_Fe_feff_Fe_site_59,100
mp_1245108,Fe,mp_1245108_Fe_feff_Fe_site_60,100
mp_1245108,Fe,mp_1245108_Fe_feff_Fe_site_61,100
mp_1245108,Fe,mp_1245108_Fe_feff_Fe_site_62,100
mp_1245108,Fe,mp_1245108_Fe_feff_Fe_site_31,100
mp_1245108,Fe,mp_1245108_Fe_feff_Fe_site_32,100
mp_1245108,Fe,mp_1245108_Fe_feff_Fe_site_33,100
mp_1245108,Fe,mp_1245108_Fe_feff_Fe_site_34,100
mp_1245108,Fe,mp_1245108_Fe_feff_Fe_site_35,100
mp_1245108,Fe,mp_1245108_Fe_feff_Fe_site_36,100
mp_1245108,Fe,mp_1245108_Fe_feff_Fe_site_69,100
mp_1245108,Fe,mp_1245108_Fe_feff_Fe_site_70,100
mp_1245108,Fe,mp_1245108_Fe_feff_Fe_site_71,100
mp_1245108,Fe,mp_1245108_Fe_feff_Fe_site_72,100
mp_1245108,Fe,mp_1245108_Fe_feff_Fe_site_52,100
mp_1245108,Fe,mp_1245108_Fe_feff_Fe_site_51,100
mp_1245108,Fe,mp_1245108_Fe_feff_Fe_site_50,100
mp_1245108,Fe,mp_1245108_Fe_feff_Fe_site_49,100
mp_1245108,Fe,mp_1245108_Fe_feff_Fe_site_76,100
mp_1245108,Fe,mp_1245108_Fe_feff_Fe_site_75,100
mp_1245108,Fe,mp_1245108_Fe_feff_Fe_site_74,100
mp_1245108,Fe,mp_1245108_Fe_feff_Fe_site_73,100
mp_1245108,Fe,mp_1245108_Fe_feff_Fe_site_48,100
mp_1245108,Fe,mp_1245108_Fe_feff_Fe_site_47,100
mp_1245108,Fe,mp_1245108_Fe_feff_Fe_site_78,100
mp_1245108,Fe,mp_1245108_Fe_feff_Fe_site_77,100
mp_1199758,FeH8N3O13_,mp_1199758_FeH8N3O13__feff_Fe_site_01,100
mp_1245108,Fe,mp_1245108_Fe_feff_Fe_site_92,100
mp_1245108,Fe,mp_1245108_Fe_feff_Fe_site_91,100
mp_1245108,Fe,mp_1245108_Fe_feff_Fe_site_90,100
mp_1245108,Fe,mp_1245108_Fe_feff_Fe_site_64,100
mp_1245108,Fe,mp_1245108_Fe_feff_Fe_site_63,100
mp_1245108,Fe,mp_1245108_Fe_feff_Fe_site_94,100
mp_1245108,Fe,mp_1245108_Fe_feff_Fe_site_93,100
mp_1245108,Fe,mp_1245108_Fe_feff_Fe_site_65,100
mp_1245108,Fe,mp_1245108_Fe_feff_Fe_site_66,100
mp_1245108,Fe,mp_1245108_Fe_feff_Fe_site_67,100
mp_1245108,Fe,mp_1245108_Fe_feff_Fe_site_68,100
mp_1245108,Fe,mp_1245108_Fe_feff_Fe_site_87,100
mp_1245108,Fe,mp_1245108_Fe_feff_Fe_site_88,100
mp_1196332,Fe2H10S2O11_,mp_1196332_Fe2H10S2O11__feff_Fe_site_01,100
mp_1245108,Fe,mp_1245108_Fe_feff_Fe_site_89,100
mp_1245108,Fe,mp_1245108_Fe_feff_Fe_site_82,100
mp_1245108,Fe,mp_1245108_Fe_feff_Fe_site_81,100
mp_1245108,Fe,mp_1245108_Fe_feff_Fe_site_84,100
mp_1245108,Fe,mp_1245108_Fe_feff_Fe_site_83,100
mp_1245108,Fe,mp_1245108_Fe_feff_Fe_site_85,100
mp_1245108,Fe,mp_1245108_Fe_feff_Fe_site_86,100
mp_746739,SrFe3P4HO16_,mp_746739_SrFe3P4HO16__feff_Fe_site_01,100
mp_744266,Sr20Fe3Co7MoO610_,mp_744266_Sr20Fe3Co7MoO610__feff_Fe_site_01,100
mp_720248,Na9CaFe10SiO320_,mp_720248_Na9CaFe10SiO320__feff_Fe_site_01,100
mp_743819,Ca10Ti8NbFeO30_,mp_743819_Ca10Ti8NbFeO30__feff_Fe_site_01,100
mp_1245108,Fe,mp_1245108_Fe_feff_Fe_site_79,100
mp_1245108,Fe,mp_1245108_Fe_feff_Fe_site_80,100
mp_1266607,Y5Be6Fe3SiO56_,mp_1266607_Y5Be6Fe3SiO56__feff_Fe_site_01,100
mp_1245108,Fe,mp_1245108_Fe_feff_Fe_site_99,100
mp_1245108,Fe,mp_1245108_Fe_feff_Fe_site_98,100
mp_1245108,Fe,mp_1245108_Fe_feff_Fe_site_97,100
mp_1200159,MgFe4H42S3O232_,mp_1200159_MgFe4H42S3O232__feff_Fe_site_01,99
mp_775293,Na9Fe10SiO320_,mp_775293_Na9Fe10SiO320__feff_Fe_site_01,99
mp_531674,Al2FeO4_,mp_531674_Al2FeO4__feff_Fe_site_01,98
mp_1200723,FeH24C2S2N3O72_,mp_1200723_FeH24C2S2N3O72__feff_Fe_site_01,98
mp_1265318,Y4Be6Fe3SiO56_,mp_1265318_Y4Be6Fe3SiO56__feff_Fe_site_01,98
mp_554093,Li9Fe3P8O29_,mp_554093_Li9Fe3P8O29__feff_Fe_site_01,98
mp_1213446,K2Fe3S3O192_,mp_1213446_K2Fe3S3O192__feff_Fe_site_01,98
mp_697817,Na2Sr6ZnFe6F34,mp_697817_Na2Sr6ZnFe6F34_feff_Fe_site_06,98
mp_697817,Na2Sr6ZnFe6F34,mp_697817_Na2Sr6ZnFe6F34_feff_Fe_site_03,98
mp_697817,Na2Sr6ZnFe6F34,mp_697817_Na2Sr6ZnFe6F34_feff_Fe_site_04,98
mp_697817,Na2Sr6ZnFe6F34,mp_697817_Na2Sr6ZnFe6F34_feff_Fe_site_07,98
mp_697817,Na2Sr6ZnFe6F34,mp_697817_Na2Sr6ZnFe6F34_feff_Fe_site_08,98
mp_697817,Na2Sr6ZnFe6F34,mp_697817_Na2Sr6ZnFe6F34_feff_Fe_site_11,98
mp_697817,Na2Sr6ZnFe6F34,mp_697817_Na2Sr6ZnFe6F34_feff_Fe_site_09,98
mp_697817,Na2Sr6ZnFe6F34,mp_697817_Na2Sr6ZnFe6F34_feff_Fe_site_05,98
mp_697817,Na2Sr6ZnFe6F34,mp_697817_Na2Sr6ZnFe6F34_feff_Fe_site_01,98
mp_697817,Na2Sr6ZnFe6F34,mp_697817_Na2Sr6ZnFe6F34_feff_Fe_site_12,98
mp_685663,MgFeO22_,mp_685663_MgFeO22__feff_Fe_site_01,98
mp_697817,Na2Sr6ZnFe6F34,mp_697817_Na2Sr6ZnFe6F34_feff_Fe_site_10,98
mp_1178317,Fe39Si3O56_,mp_1178317_Fe39Si3O56__feff_Fe_site_01,98
mp_1197596,Ce33Fe13B9C172_,mp_1197596_Ce33Fe13B9C172__feff_Fe_site_01,98
mp_1197596,Ce33Fe13B9C172_,mp_1197596_Ce33Fe13B9C172__feff_Fe_site_02,98
mp_761065,Na9Fe3P8O29_,mp_761065_Na9Fe3P8O29__feff_Fe_site_01,98
mp_697817,Na2Sr6ZnFe6F34,mp_697817_Na2Sr6ZnFe6F34_feff_Fe_site_02,98
mp_685444,Mg11Fe15O282_,mp_685444_Mg11Fe15O282__feff_Fe_site_01,97
mp_1653877,Sr6Ti3FeO14_,mp_1653877_Sr6Ti3FeO14__feff_Fe_site_01,96
mp_1245691,VFe7N4_,mp_1245691_VFe7N4__feff_Fe_site_03,96
mp_780575,Na2FeSi2O53_,mp_780575_Na2FeSi2O53__feff_Fe_site_01,96
mp_1176384,Na3Fe5SiO310_,mp_1176384_Na3Fe5SiO310__feff_Fe_site_01,96
mp_818474,NaFe2Si2O53_,mp_818474_NaFe2Si2O53__feff_Fe_site_01,96
mp_1228814,Ca8ScFe7SiO320_,mp_1228814_Ca8ScFe7SiO320__feff_Fe_site_01,96
mp_581085,Na7Sr2Fe7F32,mp_581085_Na7Sr2Fe7F32_feff_Fe_site_02,96
mp_1182789,FeCl3,mp_1182789_FeCl3_feff_Fe_site_08,96
mp_1182789,FeCl3,mp_1182789_FeCl3_feff_Fe_site_12,96
mp_1204574,Fe3P8O37_,mp_1204574_Fe3P8O37__feff_Fe_site_01,96
mp_648633,Fe3C10SO10_,mp_648633_Fe3C10SO10__feff_Fe_site_01,96
mp_650954,LaFe5GeO53_,mp_650954_LaFe5GeO53__feff_Fe_site_01,96
mp_1178900,YFe2,mp_1178900_YFe2_feff_Fe_site_01,96
mp_772539,Li2FeP2O7_,mp_772539_Li2FeP2O7__feff_Fe_site_01,96
mp_600221,FeH14C3Br3NO2_,mp_600221_FeH14C3Br3NO2__feff_Fe_site_01,96
mp_1245691,VFe7N4_,mp_1245691_VFe7N4__feff_Fe_site_01,96
mp_543041,FeAsH2O32_,mp_543041_FeAsH2O32__feff_Fe_site_01,96
mp_1245691,VFe7N4_,mp_1245691_VFe7N4__feff_Fe_site_02,96
mp_780523,LiFeSO42_,mp_780523_LiFeSO42__feff_Fe_site_01,96
mp_781672,LiFeH8SO62_,mp_781672_LiFeH8SO62__feff_Fe_site_01,96
mp_783910,LiFeBO3_,mp_783910_LiFeBO3__feff_Fe_site_01,96
mp_541423,FePH4NO4F_,mp_541423_FePH4NO4F__feff_Fe_site_01,96
mp_1261131,Li2Fe2SiO33_,mp_1261131_Li2Fe2SiO33__feff_Fe_site_01,96
mp_557398,CaFeSbAs2O7_,mp_557398_CaFeSbAs2O7__feff_Fe_site_01,96
mp_561135,Fe3B7IO13_,mp_561135_Fe3B7IO13__feff_Fe_site_01,96
mp_581085,Na7Sr2Fe7F32,mp_581085_Na7Sr2Fe7F32_feff_Fe_site_01,96
mp_775303,Li2FeSi2O53_,mp_775303_Li2FeSi2O53__feff_Fe_site_01,96
mp_1245691,VFe7N4_,mp_1245691_VFe7N4__feff_Fe_site_04,96
mp_1245691,VFe7N4_,mp_1245691_VFe7N4__feff_Fe_site_05,96
mp_705390,Li3Fe4P9O32_,mp_705390_Li3Fe4P9O32__feff_Fe_site_01,96
mp_863008,Fe2B3H7CO6_,mp_863008_Fe2B3H7CO6__feff_Fe_site_01,96
mp_861716,Li2Fe2SiO33_,mp_861716_Li2Fe2SiO33__feff_Fe_site_01,96
mp_1196381,Na2FeH7SO62_,mp_1196381_Na2FeH7SO62__feff_Fe_site_01,96
mp_1197292,Fe4P3H4NO12_,mp_1197292_Fe4P3H4NO12__feff_Fe_site_01,96
mp_1182789,FeCl3,mp_1182789_FeCl3_feff_Fe_site_05,96
mp_849403,Li2Fe5F17,mp_849403_Li2Fe5F17_feff_Fe_site_01,96
mp_1204736,Ca2Fe6Se9Cl4O27_,mp_1204736_Ca2Fe6Se9Cl4O27__feff_Fe_site_01,96
mp_1182789,FeCl3,mp_1182789_FeCl3_feff_Fe_site_10,96
mp_1214299,CaAlFe3O7_,mp_1214299_CaAlFe3O7__feff_Fe_site_01,96
mp_1178900,YFe2,mp_1178900_YFe2_feff_Fe_site_04,96
mp_1225460,FeH9SO62_,mp_1225460_FeH9SO62__feff_Fe_site_01,96
mp_1178900,YFe2,mp_1178900_YFe2_feff_Fe_site_03,96
mp_1182789,FeCl3,mp_1182789_FeCl3_feff_Fe_site_11,96
mp_1178900,YFe2,mp_1178900_YFe2_feff_Fe_site_02,96
mp_1178900,YFe2,mp_1178900_YFe2_feff_Fe_site_05,96
mp_510510,FePH2O32_,mp_510510_FePH2O32__feff_Fe_site_01,96
mp_705201,FePO4_,mp_705201_FePO4__feff_Fe_site_01,96
mp_849403,Li2Fe5F17,mp_849403_Li2Fe5F17_feff_Fe_site_02,96
mp_849623,Li2FeP2O7_,mp_849623_Li2FeP2O7__feff_Fe_site_01,96
mp_704299,FePO4_,mp_704299_FePO4__feff_Fe_site_01,96
mp_1182789,FeCl3,mp_1182789_FeCl3_feff_Fe_site_06,96
mp_704545,Fe3C10SeO10_,mp_704545_Fe3C10SeO10__feff_Fe_site_01,96
mp_581085,Na7Sr2Fe7F32,mp_581085_Na7Sr2Fe7F32_feff_Fe_site_03,96
mp_1182789,FeCl3,mp_1182789_FeCl3_feff_Fe_site_01,96
mp_1211025,NaFeBP2O11_,mp_1211025_NaFeBP2O11__feff_Fe_site_01,96
mp_1182789,FeCl3,mp_1182789_FeCl3_feff_Fe_site_03,96
mp_1182789,FeCl3,mp_1182789_FeCl3_feff_Fe_site_07,96
mp_1182789,FeCl3,mp_1182789_FeCl3_feff_Fe_site_04,96
mp_1182789,FeCl3,mp_1182789_FeCl3_feff_Fe_site_02,96
mp_1182789,FeCl3,mp_1182789_FeCl3_feff_Fe_site_09,96
mp_849403,Li2Fe5F17,mp_849403_Li2Fe5F17_feff_Fe_site_03,96
mp_1221829,Na22CaFe6P12O8F6_,mp_1221829_Na22CaFe6P12O8F6__feff_Fe_site_01,95
mp_773104,Sr24Fe16O55_,mp_773104_Sr24Fe16O55__feff_Fe_site_01,95
mp_1221052,Na7Fe7P6O8F3_,mp_1221052_Na7Fe7P6O8F3__feff_Fe_site_01,94
mp_705431,Li6Fe5P2O74_,mp_705431_Li6Fe5P2O74__feff_Fe_site_01,94
mp_760108,Li7Fe7P6O8F3_,mp_760108_Li7Fe7P6O8F3__feff_Fe_site_01,94
mp_1177031,Li7Fe4P2O74_,mp_1177031_Li7Fe4P2O74__feff_Fe_site_01,94
mp_1176933,Li7Fe4P2O74_,mp_1176933_Li7Fe4P2O74__feff_Fe_site_01,94
mp_765020,Sr24Fe16O53_,mp_765020_Sr24Fe16O53__feff_Fe_site_01,93
mp_1195414,MnBe2Fe2P2O112_,mp_1195414_MnBe2Fe2P2O112__feff_Fe_site_01,93
mp_566548,BaFe2O39_,mp_566548_BaFe2O39__feff_Fe_site_01,92
mp_1177735,Li3Fe2P2O72_,mp_1177735_Li3Fe2P2O72__feff_Fe_site_01,92
mp_1259854,Al2Fe3PO53_,mp_1259854_Al2Fe3PO53__feff_Fe_site_01,92
mp_26221,Li6Fe3P8O29_,mp_26221_Li6Fe3P8O29__feff_Fe_site_01,92
mp_775750,LiFeSi2O53_,mp_775750_LiFeSi2O53__feff_Fe_site_01,92
mp_1177017,Li6Fe3P8O29_,mp_1177017_Li6Fe3P8O29__feff_Fe_site_01,92
mp_1199199,Rb3FeMo4O15_,mp_1199199_Rb3FeMo4O15__feff_Fe_site_01,92
mp_1204423,FeH9C4NO23_,mp_1204423_FeH9C4NO23__feff_Fe_site_01,92
mp_1181219,K3FeMo4O15_,mp_1181219_K3FeMo4O15__feff_Fe_site_01,92
mp_1208968,SrZn2Fe16O27_,mp_1208968_SrZn2Fe16O27__feff_Fe_site_01,92
mp_1212917,Fe2H10Cl6O5_,mp_1212917_Fe2H10Cl6O5__feff_Fe_site_01,92
mp_705381,LiFe3P4O15_,mp_705381_LiFe3P4O15__feff_Fe_site_01,92
mp_1199975,Cs3FeMo4O15_,mp_1199975_Cs3FeMo4O15__feff_Fe_site_01,92
mp_1198664,Cs3CaFeP2O72_,mp_1198664_Cs3CaFeP2O72__feff_Fe_site_01,92
mp_849506,Li3Fe2P2O72_,mp_849506_Li3Fe2P2O72__feff_Fe_site_01,92
mp_650518,Ca4YFe5O13_,mp_650518_Ca4YFe5O13__feff_Fe_site_01,92
mp_1177912,Li3Fe2P2O72_,mp_1177912_Li3Fe2P2O72__feff_Fe_site_01,92
mp_1225422,Fe5Bi4O13F_,mp_1225422_Fe5Bi4O13F__feff_Fe_site_01,92
mp_759501,Li4Fe2Si4O13_,mp_759501_Li4Fe2Si4O13__feff_Fe_site_01,92
mp_1220973,Na5Fe3Ag2As2O74_,mp_1220973_Na5Fe3Ag2As2O74__feff_Fe_site_01,92
mp_555589,Fe2Se2O53_,mp_555589_Fe2Se2O53__feff_Fe_site_01,92
mp_27102,Fe4P9O32_,mp_27102_Fe4P9O32__feff_Fe_site_01,90
mp_1176724,LiFeF3,mp_1176724_LiFeF3_feff_Fe_site_07,90
mp_1177159,Li5Fe4P2O74_,mp_1177159_Li5Fe4P2O74__feff_Fe_site_01,90
mp_1176821,Li9Fe4BO38_,mp_1176821_Li9Fe4BO38__feff_Fe_site_01,90
mp_1177154,Li5Fe4P2O74_,mp_1177154_Li5Fe4P2O74__feff_Fe_site_01,90
mp_1176724,LiFeF3,mp_1176724_LiFeF3_feff_Fe_site_04,90
mp_1176724,LiFeF3,mp_1176724_LiFeF3_feff_Fe_site_06,90
mp_1176724,LiFeF3,mp_1176724_LiFeF3_feff_Fe_site_08,90
mp_1176724,LiFeF3,mp_1176724_LiFeF3_feff_Fe_site_05,90
mp_1176724,LiFeF3,mp_1176724_LiFeF3_feff_Fe_site_03,90
mp_849560,Li5Fe4P2O74_,mp_849560_Li5Fe4P2O74__feff_Fe_site_01,90
mp_849564,Li5Fe4P2O74_,mp_849564_Li5Fe4P2O74__feff_Fe_site_01,90
mp_849563,Li5Fe4P2O74_,mp_849563_Li5Fe4P2O74__feff_Fe_site_01,90
mp_849492,Li5Fe4P2O74_,mp_849492_Li5Fe4P2O74__feff_Fe_site_01,90
mp_650392,FeSiO3_,mp_650392_FeSiO3__feff_Fe_site_01,90
mp_1176724,LiFeF3,mp_1176724_LiFeF3_feff_Fe_site_01,90
mp_1176724,LiFeF3,mp_1176724_LiFeF3_feff_Fe_site_09,90
mp_1176724,LiFeF3,mp_1176724_LiFeF3_feff_Fe_site_02,90
mp_1177390,Li5Fe4P2O74_,mp_1177390_Li5Fe4P2O74__feff_Fe_site_01,90
mp_1213402,FeBP2O11_,mp_1213402_FeBP2O11__feff_Fe_site_01,90
mp_1210323,NaAl5FeP4H5O122_,mp_1210323_NaAl5FeP4H5O122__feff_Fe_site_01,90
mp_557221,Na2FeCoF7,mp_557221_Na2FeCoF7_feff_Fe_site_02,88
mp_565968,Na2FeCuF7,mp_565968_Na2FeCuF7_feff_Fe_site_03,88
mp_557221,Na2FeCoF7,mp_557221_Na2FeCoF7_feff_Fe_site_03,88
mp_559629,FeH12C2N2F5_,mp_559629_FeH12C2N2F5__feff_Fe_site_01,88
mp_565968,Na2FeCuF7,mp_565968_Na2FeCuF7_feff_Fe_site_01,88
mp_1101558,Fe3P4O15_,mp_1101558_Fe3P4O15__feff_Fe_site_01,88
mp_782726,LiFeP2O7_,mp_782726_LiFeP2O7__feff_Fe_site_01,88
mp_849555,LiFeP2O7_,mp_849555_LiFeP2O7__feff_Fe_site_01,88
mp_831266,LiFeP2O7_,mp_831266_LiFeP2O7__feff_Fe_site_01,88
mp_863392,LiFeSi3O72_,mp_863392_LiFeSi3O72__feff_Fe_site_01,88
mp_565968,Na2FeCuF7,mp_565968_Na2FeCuF7_feff_Fe_site_02,88
mp_568396,BaFeBr42,mp_568396_BaFeBr42_feff_Fe_site_01,88
mp_567605,CeTl5Fe2NO212_,mp_567605_CeTl5Fe2NO212__feff_Fe_site_01,88
mp_568396,BaFeBr42,mp_568396_BaFeBr42_feff_Fe_site_02,88
mp_1176772,LiFeP2O7_,mp_1176772_LiFeP2O7__feff_Fe_site_01,88
mp_1177302,Li5Fe2PO43_,mp_1177302_Li5Fe2PO43__feff_Fe_site_01,88
mp_15548,Na2ZnFeF7,mp_15548_Na2ZnFeF7_feff_Fe_site_03,88
mp_15548,Na2ZnFeF7,mp_15548_Na2ZnFeF7_feff_Fe_site_01,88
mp_15548,Na2ZnFeF7,mp_15548_Na2ZnFeF7_feff_Fe_site_02,88
mp_1338518,CaFe2CoO7_,mp_1338518_CaFe2CoO7__feff_Fe_site_01,88
mp_1336629,ZnFe2CoO7_,mp_1336629_ZnFe2CoO7__feff_Fe_site_01,88
mp_1182551,Fe3P2H6O11_,mp_1182551_Fe3P2H6O11__feff_Fe_site_01,88
mp_720286,Fe3P2H6O11_,mp_720286_Fe3P2H6O11__feff_Fe_site_01,88
mp_1203434,Na2Fe2F7,mp_1203434_Na2Fe2F7_feff_Fe_site_04,88
mp_1203434,Na2Fe2F7,mp_1203434_Na2Fe2F7_feff_Fe_site_05,88
mp_1177429,Li4Fe3SiO43_,mp_1177429_Li4Fe3SiO43__feff_Fe_site_01,88
mp_765153,Li5FeCO34_,mp_765153_Li5FeCO34__feff_Fe_site_01,88
mp_758930,Na5FeHO4_,mp_758930_Na5FeHO4__feff_Fe_site_01,88
mp_758932,Li5FeHO4_,mp_758932_Li5FeHO4__feff_Fe_site_01,88
mp_629080,Fe2C9O7F4_,mp_629080_Fe2C9O7F4__feff_Fe_site_01,88
mp_557221,Na2FeCoF7,mp_557221_Na2FeCoF7_feff_Fe_site_01,88
mp_1227584,Ca8Al9Fe3Si12HO134_,mp_1227584_Ca8Al9Fe3Si12HO134__feff_Fe_site_01,88
mp_1227544,Ca8Al9Fe3Si12HO134_,mp_1227544_Ca8Al9Fe3Si12HO134__feff_Fe_site_01,88
mp_687200,LiFePO35_,mp_687200_LiFePO35__feff_Fe_site_01,88
mp_1203434,Na2Fe2F7,mp_1203434_Na2Fe2F7_feff_Fe_site_03,88
mp_1203434,Na2Fe2F7,mp_1203434_Na2Fe2F7_feff_Fe_site_02,88
mp_1203434,Na2Fe2F7,mp_1203434_Na2Fe2F7_feff_Fe_site_01,88
mp_699478,FeH12NF23_,mp_699478_FeH12NF23__feff_Fe_site_01,88
mp_699582,Na2AlFeF7,mp_699582_Na2AlFeF7_feff_Fe_site_01,88
mp_699582,Na2AlFeF7,mp_699582_Na2AlFeF7_feff_Fe_site_02,88
mp_694909,Li11Fe3B24PbO242_,mp_694909_Li11Fe3B24PbO242__feff_Fe_site_01,88
mp_687255,K5CeFe2NO212_,mp_687255_K5CeFe2NO212__feff_Fe_site_01,88
mp_849557,LiFeP2O7_,mp_849557_LiFeP2O7__feff_Fe_site_01,88
mp_705395,Fe3P4O15_,mp_705395_Fe3P4O15__feff_Fe_site_01,88
mp_1042681,MgFe2CoO7_,mp_1042681_MgFe2CoO7__feff_Fe_site_01,88
mp_849291,Li5Fe3F14,mp_849291_Li5Fe3F14_feff_Fe_site_02,88
mp_849291,Li5Fe3F14,mp_849291_Li5Fe3F14_feff_Fe_site_03,88
mp_849452,LiFeP2O7_,mp_849452_LiFeP2O7__feff_Fe_site_01,88
mp_849415,LiFeP2O7_,mp_849415_LiFeP2O7__feff_Fe_site_01,88
mp_849490,LiFeP2O7_,mp_849490_LiFeP2O7__feff_Fe_site_01,88
mp_29100,Fe2Se2O7_,mp_29100_Fe2Se2O7__feff_Fe_site_01,88
mp_849291,Li5Fe3F14,mp_849291_Li5Fe3F14_feff_Fe_site_01,88
mp_510473,FeH9C3N7O2_,mp_510473_FeH9C3N7O2__feff_Fe_site_01,88
mp_1227244,Fe74W13,mp_1227244_Fe74W13_feff_Fe_site_14,87
mp_1227244,Fe74W13,mp_1227244_Fe74W13_feff_Fe_site_15,87
mp_1227244,Fe74W13,mp_1227244_Fe74W13_feff_Fe_site_08,87
mp_1227244,Fe74W13,mp_1227244_Fe74W13_feff_Fe_site_10,87
mp_1227244,Fe74W13,mp_1227244_Fe74W13_feff_Fe_site_09,87
mp_1227244,Fe74W13,mp_1227244_Fe74W13_feff_Fe_site_18,87
mp_1227244,Fe74W13,mp_1227244_Fe74W13_feff_Fe_site_07,87
mp_1227244,Fe74W13,mp_1227244_Fe74W13_feff_Fe_site_06,87
mp_1227244,Fe74W13,mp_1227244_Fe74W13_feff_Fe_site_17,87
mp_1227244,Fe74W13,mp_1227244_Fe74W13_feff_Fe_site_20,87
mp_1227244,Fe74W13,mp_1227244_Fe74W13_feff_Fe_site_13,87
mp_1227244,Fe74W13,mp_1227244_Fe74W13_feff_Fe_site_12,87
mp_1227244,Fe74W13,mp_1227244_Fe74W13_feff_Fe_site_11,87
mp_1227244,Fe74W13,mp_1227244_Fe74W13_feff_Fe_site_22,87
mp_1227244,Fe74W13,mp_1227244_Fe74W13_feff_Fe_site_23,87
mp_1227244,Fe74W13,mp_1227244_Fe74W13_feff_Fe_site_16,87
mp_1227244,Fe74W13,mp_1227244_Fe74W13_feff_Fe_site_02,87
mp_1227244,Fe74W13,mp_1227244_Fe74W13_feff_Fe_site_01,87
mp_1227244,Fe74W13,mp_1227244_Fe74W13_feff_Fe_site_03,87
mp_1227244,Fe74W13,mp_1227244_Fe74W13_feff_Fe_site_04,87
mp_1227244,Fe74W13,mp_1227244_Fe74W13_feff_Fe_site_05,87
mp_1227244,Fe74W13,mp_1227244_Fe74W13_feff_Fe_site_21,87
mp_1227244,Fe74W13,mp_1227244_Fe74W13_feff_Fe_site_19,87
mp_705437,Li3Fe3P8O29_,mp_705437_Li3Fe3P8O29__feff_Fe_site_01,86
mp_1215136,Ca3Fe3O55_,mp_1215136_Ca3Fe3O55__feff_Fe_site_01,86
mp_849584,Li3Fe4P2O74_,mp_849584_Li3Fe4P2O74__feff_Fe_site_01,86
mp_849425,Li3Fe4P2O74_,mp_849425_Li3Fe4P2O74__feff_Fe_site_01,86
mp_1214030,Cd5Fe2P2O74_,mp_1214030_Cd5Fe2P2O74__feff_Fe_site_01,86
mp_650224,Fe7P2O74_,mp_650224_Fe7P2O74__feff_Fe_site_01,86
mp_1177688,Li3Fe4P2O74_,mp_1177688_Li3Fe4P2O74__feff_Fe_site_01,86
mp_1197601,Rb4MgFe8H6Se8O252_,mp_1197601_Rb4MgFe8H6Se8O252__feff_Fe_site_01,85
mp_1202454,Rb4Fe8CuH6Se8O252_,mp_1202454_Rb4Fe8CuH6Se8O252__feff_Fe_site_01,85
mp_882899,Li17Fe4CO316_,mp_882899_Li17Fe4CO316__feff_Fe_site_01,85
mp_849574,LiFe8F33,mp_849574_LiFe8F33_feff_Fe_site_04,84
mp_849574,LiFe8F33,mp_849574_LiFe8F33_feff_Fe_site_03,84
mp_849574,LiFe8F33,mp_849574_LiFe8F33_feff_Fe_site_02,84
mp_849574,LiFe8F33,mp_849574_LiFe8F33_feff_Fe_site_01,84
mp_758436,LiFeSiO4_,mp_758436_LiFeSiO4__feff_Fe_site_01,84
mp_758825,LiFeSiO4_,mp_758825_LiFeSiO4__feff_Fe_site_01,84
mp_758222,LiFePO4_,mp_758222_LiFePO4__feff_Fe_site_01,84
mp_758206,Fe35SiO48_,mp_758206_Fe35SiO48__feff_Fe_site_01,84
mp_1177607,Li3MnFeCoPO43_,mp_1177607_Li3MnFeCoPO43__feff_Fe_site_01,84
mp_1177623,Li3MnFeCoPO43_,mp_1177623_Li3MnFeCoPO43__feff_Fe_site_01,84
mp_1194613,FeH12C2NCl22_,mp_1194613_FeH12C2NCl22__feff_Fe_site_01,84
mp_1195083,FeH12C2NCl22_,mp_1195083_FeH12C2NCl22__feff_Fe_site_01,84
mp_685871,PrFeSb35,mp_685871_PrFeSb35_feff_Fe_site_01,84
mp_744814,RbFeP2HO42_,mp_744814_RbFeP2HO42__feff_Fe_site_01,84
mp_1177593,Li3MnFeCoPO43_,mp_1177593_Li3MnFeCoPO43__feff_Fe_site_01,84
mp_735566,KFe2P2H5O11_,mp_735566_KFe2P2H5O11__feff_Fe_site_01,84
mp_1177594,Li3MnFeCoPO43_,mp_1177594_Li3MnFeCoPO43__feff_Fe_site_01,84
mp_1177596,Li3MnFeCoPO43_,mp_1177596_Li3MnFeCoPO43__feff_Fe_site_01,84
mp_1177597,Li3MnFeCoPO43_,mp_1177597_Li3MnFeCoPO43__feff_Fe_site_01,84
mp_530413,ZnFeO22_,mp_530413_ZnFeO22__feff_Fe_site_01,84
mp_706492,Mn19Fe17O48_,mp_706492_Mn19Fe17O48__feff_Fe_site_01,84
mp_685871,PrFeSb35,mp_685871_PrFeSb35_feff_Fe_site_04,84
mp_685871,PrFeSb35,mp_685871_PrFeSb35_feff_Fe_site_05,84
mp_685871,PrFeSb35,mp_685871_PrFeSb35_feff_Fe_site_06,84
mp_685871,PrFeSb35,mp_685871_PrFeSb35_feff_Fe_site_03,84
mp_685871,PrFeSb35,mp_685871_PrFeSb35_feff_Fe_site_02,84
mp_685218,Fe2CoO4_,mp_685218_Fe2CoO4__feff_Fe_site_01,84
mp_849991,Li2FeF4,mp_849991_Li2FeF4_feff_Fe_site_01,84
mp_705312,LiFePO4_,mp_705312_LiFePO4__feff_Fe_site_01,84
mp_1200149,LiFe2P2O72_,mp_1200149_LiFe2P2O72__feff_Fe_site_01,84
mp_704251,LiFePO4_,mp_704251_LiFePO4__feff_Fe_site_01,84
mp_1197635,NaFe2P2H5O11_,mp_1197635_NaFe2P2H5O11__feff_Fe_site_01,84
mp_705376,LiFe5P2O74_,mp_705376_LiFe5P2O74__feff_Fe_site_01,84
mp_849991,Li2FeF4,mp_849991_Li2FeF4_feff_Fe_site_03,84
mp_1197576,FeW3Cl72,mp_1197576_FeW3Cl72_feff_Fe_site_01,84
mp_849991,Li2FeF4,mp_849991_Li2FeF4_feff_Fe_site_02,84
mp_1120760,ZnFe2P2O72_,mp_1120760_ZnFe2P2O72__feff_Fe_site_01,84
mp_1101180,Zn11Fe25O48_,mp_1101180_Zn11Fe25O48__feff_Fe_site_01,84
mp_1176688,LiFeSiO4_,mp_1176688_LiFeSiO4__feff_Fe_site_01,84
mp_647840,Fe2C8SO10_,mp_647840_Fe2C8SO10__feff_Fe_site_01,84
mp_775189,Li2MnFePO42_,mp_775189_Li2MnFePO42__feff_Fe_site_01,84
mp_637295,ZnFeC5N6O_,mp_637295_ZnFeC5N6O__feff_Fe_site_01,84
mp_772409,LiFePO4_,mp_772409_LiFePO4__feff_Fe_site_01,84
mp_772906,LiFePO4_,mp_772906_LiFePO4__feff_Fe_site_01,84
mp_772406,LiFePO4_,mp_772406_LiFePO4__feff_Fe_site_01,84
mp_757540,LiFeSiO4_,mp_757540_LiFeSiO4__feff_Fe_site_01,84
mp_1177625,Li3MnFeCoPO43_,mp_1177625_Li3MnFeCoPO43__feff_Fe_site_01,84
mp_1224302,KVFeP2H5O11_,mp_1224302_KVFeP2H5O11__feff_Fe_site_01,84
mp_759092,LiFePO4_,mp_759092_LiFePO4__feff_Fe_site_01,84
mp_758862,LiFeSiO4_,mp_758862_LiFeSiO4__feff_Fe_site_01,84
mp_1223005,Li3FeNi2PO43_,mp_1223005_Li3FeNi2PO43__feff_Fe_site_01,84
mp_1223044,Li3ZnFe2PO43_,mp_1223044_Li3ZnFe2PO43__feff_Fe_site_01,84
mp_1177589,Li3MnFeCoPO43_,mp_1177589_Li3MnFeCoPO43__feff_Fe_site_01,84
mp_772146,LiFePO4_,mp_772146_LiFePO4__feff_Fe_site_01,84
mp_764969,Li3MnFeCoPO43_,mp_764969_Li3MnFeCoPO43__feff_Fe_site_01,84
mp_764962,Fe25Si11O48_,mp_764962_Fe25Si11O48__feff_Fe_site_01,84
mp_764931,Li3MnFeCoPO43_,mp_764931_Li3MnFeCoPO43__feff_Fe_site_01,84
mp_766664,LiFeSiO4_,mp_766664_LiFeSiO4__feff_Fe_site_01,84
mp_759281,LiFeSiO4_,mp_759281_LiFeSiO4__feff_Fe_site_01,84
mp_759846,Li3MnFeCoPO43_,mp_759846_Li3MnFeCoPO43__feff_Fe_site_01,84
mp_764869,Li3MnFeCoPO43_,mp_764869_Li3MnFeCoPO43__feff_Fe_site_01,84
mp_764870,Li3MnFeCoPO43_,mp_764870_Li3MnFeCoPO43__feff_Fe_site_01,84
mp_760116,Fe31Si5O48_,mp_760116_Fe31Si5O48__feff_Fe_site_01,84
mp_760208,Li4V3FeO62_,mp_760208_Li4V3FeO62__feff_Fe_site_01,84
mp_761258,Li3MnFeCoPO43_,mp_761258_Li3MnFeCoPO43__feff_Fe_site_01,84
mp_764707,Li3MnFeCoPO43_,mp_764707_Li3MnFeCoPO43__feff_Fe_site_01,84
mp_764708,Li3MnFeCoPO43_,mp_764708_Li3MnFeCoPO43__feff_Fe_site_01,84
mp_764867,Li3MnFeCoPO43_,mp_764867_Li3MnFeCoPO43__feff_Fe_site_01,84
mp_532027,CdFeO22_,mp_532027_CdFeO22__feff_Fe_site_01,84
mp_780568,Li4Fe2PO43_,mp_780568_Li4Fe2PO43__feff_Fe_site_01,84
mp_531088,MgFeO22_,mp_531088_MgFeO22__feff_Fe_site_01,84
mp_780791,Li3ZnFe2PO43_,mp_780791_Li3ZnFe2PO43__feff_Fe_site_01,84
mp_531066,TiFe11O16_,mp_531066_TiFe11O16__feff_Fe_site_01,84
mp_530567,Al2FeO4_,mp_530567_Al2FeO4__feff_Fe_site_01,84
mp_531053,ZnFeO22_,mp_531053_ZnFeO22__feff_Fe_site_01,84
mp_559713,Fe3P2O72_,mp_559713_Fe3P2O72__feff_Fe_site_01,84
mp_764912,Li3MnFeCoPO43_,mp_764912_Li3MnFeCoPO43__feff_Fe_site_01,84
mp_772286,LiFePO4_,mp_772286_LiFePO4__feff_Fe_site_01,84
mp_540591,Na2FeH4C5N2O3_,mp_540591_Na2FeH4C5N2O3__feff_Fe_site_01,84
mp_685527,Sr18Fe18O47_,mp_685527_Sr18Fe18O47__feff_Fe_site_01,83
mp_1199640,Fe2AsH19SO18_,mp_1199640_Fe2AsH19SO18__feff_Fe_site_01,82
mp_1196710,CsFe5MoO47_,mp_1196710_CsFe5MoO47__feff_Fe_site_01,82
mp_705433,Fe5P2O74_,mp_705433_Fe5P2O74__feff_Fe_site_01,82
mp_1194745,FeB12HO64_,mp_1194745_FeB12HO64__feff_Fe_site_01,82
mp_759221,Li3Fe4P3H12O19_,mp_759221_Li3Fe4P3H12O19__feff_Fe_site_01,82
mp_1209473,RbNa3Fe7PO46_,mp_1209473_RbNa3Fe7PO46__feff_Fe_site_01,82
mp_1211939,Mn2Fe5Si8HO122_,mp_1211939_Mn2Fe5Si8HO122__feff_Fe_site_01,82
mp_1195747,Na7Fe4AsO46_,mp_1195747_Na7Fe4AsO46__feff_Fe_site_01,82
mp_772517,Li7Fe4PO46_,mp_772517_Li7Fe4PO46__feff_Fe_site_01,82
mp_772462,Sr21Fe14O47_,mp_772462_Sr21Fe14O47__feff_Fe_site_01,82
mp_1229054,Al53Fe17Si12,mp_1229054_Al53Fe17Si12_feff_Fe_site_04,82
mp_1229054,Al53Fe17Si12,mp_1229054_Al53Fe17Si12_feff_Fe_site_02,82
mp_554409,Na7Fe4PO46_,mp_554409_Na7Fe4PO46__feff_Fe_site_01,82
mp_1229054,Al53Fe17Si12,mp_1229054_Al53Fe17Si12_feff_Fe_site_03,82
mp_1229054,Al53Fe17Si12,mp_1229054_Al53Fe17Si12_feff_Fe_site_01,82
mp_1229054,Al53Fe17Si12,mp_1229054_Al53Fe17Si12_feff_Fe_site_09,82
mp_1229054,Al53Fe17Si12,mp_1229054_Al53Fe17Si12_feff_Fe_site_05,82
mp_1229054,Al53Fe17Si12,mp_1229054_Al53Fe17Si12_feff_Fe_site_06,82
mp_1229054,Al53Fe17Si12,mp_1229054_Al53Fe17Si12_feff_Fe_site_07,82
mp_1229054,Al53Fe17Si12,mp_1229054_Al53Fe17Si12_feff_Fe_site_08,82
